[{"id":"user-image-456212.png","publicUrl":"np://user.desktop.nicepage.com/Site_87414600/images/456212.png","size":1949,"fileName":"456212.png","name":"456212","width":128,"height":128,"thumbnail":{"url":"np://user.desktop.nicepage.com/Site_87414600/images/thumbnails/456212.png","width":128,"height":128,"length":1949},"usages":[]},{"id":"user-image-0b371d95-cef3-309c-0783-7dfc0a6d54d4.jpg","publicUrl":"np://user.desktop.nicepage.com/Site_87414600/images/0b371d95-cef3-309c-0783-7dfc0a6d54d4.jpg","size":38787,"fileName":"0b371d95-cef3-309c-0783-7dfc0a6d54d4.jpg","name":"0b371d95-cef3-309c-0783-7dfc0a6d54d4","width":1920,"height":1200,"thumbnail":{"url":"np://user.desktop.nicepage.com/Site_87414600/images/thumbnails/0b371d95-cef3-309c-0783-7dfc0a6d54d4.jpg","width":250,"height":156},"originalUrl":"//images01.nicepage.com/c461c07a441a5d220e8feb1a/0c70c1dc45215c91bb7293c6/0b371d95-cef3-309c-0783-7dfc0a6d54d4.jpg","usages":[]},{"id":"user-image-14815.png","publicUrl":"np://user.desktop.nicepage.com/Site_87414600/images/14815.png","size":2853,"fileName":"14815.png","name":"14815","width":128,"height":128,"thumbnail":{"url":"np://user.desktop.nicepage.com/Site_87414600/images/thumbnails/14815.png","width":128,"height":128,"length":2853},"usages":[]},{"id":"user-image-2223615.png","publicUrl":"np://user.desktop.nicepage.com/Site_87414600/images/2223615.png","size":1141,"fileName":"2223615.png","name":"2223615","width":128,"height":128,"thumbnail":{"url":"np://user.desktop.nicepage.com/Site_87414600/images/thumbnails/2223615.png","width":128,"height":128,"length":1141},"usages":["2226019170"]},{"id":"user-image-25451.png","publicUrl":"np://user.desktop.nicepage.com/Site_87414600/images/25451.png","size":1862,"fileName":"25451.png","name":"25451","width":128,"height":128,"thumbnail":{"url":"np://user.desktop.nicepage.com/Site_87414600/images/thumbnails/25451.png","width":128,"height":128,"length":1862},"usages":["61008394","143967140"]},{"id":"user-image-1332655.png","publicUrl":"np://user.desktop.nicepage.com/Site_87414600/images/1332655.png","size":2529,"fileName":"1332655.png","name":"1332655","width":128,"height":128,"thumbnail":{"url":"np://user.desktop.nicepage.com/Site_87414600/images/thumbnails/1332655.png","width":128,"height":128,"length":2529},"usages":[]},{"id":"user-image-747376.png","publicUrl":"np://user.desktop.nicepage.com/Site_87414600/images/747376.png","size":3180,"fileName":"747376.png","name":"747376","width":128,"height":128,"thumbnail":{"url":"np://user.desktop.nicepage.com/Site_87414600/images/thumbnails/747376.png","width":128,"height":128,"length":3180},"usages":[]},{"id":"user-image-813670.png","publicUrl":"np://user.desktop.nicepage.com/Site_87414600/images/813670.png","size":2596,"fileName":"813670.png","name":"813670","width":128,"height":128,"thumbnail":{"url":"np://user.desktop.nicepage.com/Site_87414600/images/thumbnails/813670.png","width":128,"height":128,"length":2596},"usages":[]},{"id":"user-image-g.jpg","publicUrl":"np://user.desktop.nicepage.com/Site_87414600/images/g.jpg","size":53521,"fileName":"g.jpg","name":"g","width":585,"height":567,"thumbnail":{"url":"np://user.desktop.nicepage.com/Site_87414600/images/thumbnails/g.jpg","width":250,"height":242},"originalUrl":"//images03.nicepage.com/c461c07a441a5d220e8feb1a/e2e8f8335b2c5804bbe4ef4e/g.jpg","usages":[]},{"id":"user-image-ghh-min.jpg","publicUrl":"np://user.desktop.nicepage.com/Site_87414600/images/ghh-min.jpg","size":87254,"fileName":"ghh-min.jpg","name":"ghh-min","width":1620,"height":1080,"thumbnail":{"url":"np://user.desktop.nicepage.com/Site_87414600/images/thumbnails/ghh-min.jpg","width":250,"height":167},"originalUrl":"//images01.nicepage.com/c461c07a441a5d220e8feb1a/a6404cee8f975f74bf69a14f/ghh-min.jpg","usages":[]},{"id":"user-image-image.png","publicUrl":"np://user.desktop.nicepage.com/Site_87414600/images/image.png","size":17718,"fileName":"image.png","name":"image","width":208,"height":136,"thumbnail":{"url":"np://user.desktop.nicepage.com/Site_87414600/images/thumbnails/image.png","width":208,"height":136,"length":17718},"usages":["2226019170","61008394"]},{"id":"user-image-3303893.png","publicUrl":"np://user.desktop.nicepage.com/Site_87414600/images/3303893.png","size":3109,"fileName":"3303893.png","name":"3303893","width":128,"height":128,"thumbnail":{"url":"np://user.desktop.nicepage.com/Site_87414600/images/thumbnails/3303893.png","width":128,"height":128,"length":3109,"type":"png"},"usages":["2226019170"]},{"id":"user-image-54351.png","publicUrl":"np://user.desktop.nicepage.com/Site_87414600/images/54351.png","size":1662,"fileName":"54351.png","name":"54351","width":128,"height":128,"thumbnail":{"url":"np://user.desktop.nicepage.com/Site_87414600/images/thumbnails/54351.png","width":128,"height":128,"length":1662,"type":"png"},"usages":["2226019170"]}]